inn,name,alias,isin,sector,emitter_id
7810708323,"АО ""АПРИ""",АПРИ,,,
2466127447,"ООО ""СИБСУЛЬФУР""",Сульфур1P2,,,
1659201991,"ООО ""ТОП16""",БалтЛизП16,,,
9705034527,"ООО ""КАРШЕРИНГ РУССИЯ""",iКарРус1P3,,,
7813379412,"АО ЛК ""РОДЕЛЕН""",Роделен2P6,,,
9702058488,"АО ХК ""УРАЛЬСКАЯ СТАЛЬ""",УралСт1Р05,,,
7706640206,"АО ""АВТОАССИСТАНС""",АВТОА1P01,,,
4821047912,"ООО ""ПАТРИОТ ГРУПП""",Патриот1Р1,,,
6500002920,"ООО ""СП15""",СамолетP15,,,
3123162663,"ООО ""ТЕХНО ЛИЗИНГ""",ТЕХЛиз,,,
1006012734,"ООО ""ФП-СЕГЕЖА""",Сегежа3P6R,,,
7455038949,"ООО ""ХЭЛП01""",ТАЛЬВЕН,,,
6164218952,"ООО ""МСБ-ЛИЗИНГ""",МСБЛиз3P07,,,
3666252214,"ООО ""ВУШ""",iВУШ,,,
2309146577,"БФ ""МОЯ СТРАНА""",Страна,,,
2221181380,"ООО ""КОКС""",Кокс01Р4,,,
7709923058,"ПО ""РКС""",РКС2Р6,,,
7751224751,"БФ ""БРУСНИКА""",Брус,,,
5638083039,"МБУ ""ЮЖНОУРАЛЬСКИЙ""",ЮУЛЦ,,,
7730233723,"ООО ПКО ""АЙДИ КОЛЛЕКТ""",АйДиКол1P9,,,
7705619586,"АО ""ЭТАЛОН-ФИНАНС""",ЭталонФин4,,,
7415083470,"ООО ТРК ""УРАЛКУЗ ТВ""",Уралкуз1Р1,,,
5407977286,"ООО ПКО ""ИНТЕЛ КОЛЛЕКТ""",ИнтелК,,,
5024167569,"АО ""МФК БП""",БДеньг-3P1,,,
6674223607,"ООО ""ВОКСИС""",ВОКСИС-03,,,
3301037024,"ООО ""ЭЛЕКТРОРЕШЕНИЯ-П""",ЭЛРЕШ,,,
7204173822,"ООО ""ФИЛБЕРТ""",Филберт01,,,
7708514824,"ГК ""АСВ"", АСВ.РФ",АСВ,,,
7727525853,"АО ""РЕ-ФИНАНС""",МВ,,,
7717761040,"ООО ""ГЛОРАКС""",ГЛОРАКС1Р5,,,
5024139265,"АО ""ТГК-7""",ТГК-14,,,
5024167569,"АО ""МФК БП""",ЛаймЗайм06,,,
7300023241,"ООО ""ПКО ""ФИНЭКВА""",Финэква1Р2,,,
0257013900,"ООО ""КЭМП02""",ПолипП2Б17,,,
5047254063,"АО ""РОЛЬФ""",РОЛЬФ,,,
9704005675,"ООО ""БИННОФАРМ ГРУПП""",БинФарм1P4,,,
1832003703,"АО ""РС-ЛИЗИНГ""",ПР-Лиз,,,
4501131883,"ООО ТД ""СИНАРА""",СТМ,,,
3848004833,"ООО ""АФК-СИСТЕМА""",Систем2P14,,,
3662250671,"ООО ""АТОМЭНЕРГОПРОМ""",Атомэнпр07,,,
7804016807,"АО ""АБЗ-1""",АБЗ-1,,,
8001001001,"ПК ""АГИНСКОЕ РАЙПО""",ТатнхимP03,,,
0816009199,"ППО УФПС РК АО ""ПОЧТА РОССИИ""",ПочтаР3P07,,,
3803302036,"ООО ""СПЭЙС""",АСпэйс,,,
9102256128,"АО ""ФАБРИКА""",iФабрик1Р1,,,
7706420120,"ООО ""ДЕЛОПОРТС""",ДелПорт1P5,,,
9714050902,"АО ""ГТЛК ВСМ""",ГТЛК,,,
7838360491,"ПАО ""ГРУППА ЛСР""",ЛСР,,,
7751252830,"АО ""ОДК""",ОДК1Р01,,,
7724635872,"ООО ""ИЭК ХОЛДИНГ""",ИЭКХолд1Р6,,,
1402047184,"ПАО ""СЕЛИГДАР""",Селигдар4Р,,,
7203383658,"ТРОО ""МФК ""ТЮМЕНЬ""",МаниМенБО1,,,
9731098069,"ООО ""БОРЕЦ КАПИТАЛ""",БорецК1Р07,,,
2309127380,"ООО ""ГИДРОМАШСЕРВИС""""",ГМС002Р-03,,,
2543068206,"ОО ""ЛЕГЕНДА""",ЛЕГЕНДА2P7,,,
7707449026,"ООО ""ДЖИ ПИ ДЖИ ГРУПП""",Джи-гр,,,
4825068840,"ООО ""СОФТЛАЙН""",iСЛ,,,
2536247123,"ООО ""ДЕЛЬТАЛИЗИНГ""",ДелЛиз1Р3,,,
2452024402,ПГК № 53,ПГК3Р04,,,
7702508905,"ПАО ""АРТГЕН""",АртгнБО02,,,
0257013900,"ООО ""КЭМП02""",ТрансКо2P5,,,
3334002490,"ООО ""ОРТИКОН-С""",ДФЮгр34002,,,
7708813750,"АО ""АВТОБАН-ФИНАНС""",АВТОБФ,,,
7736617998,"ООО ""СБЕРБАНК-ФИНАНС""",Сбер2СУБ2R,,,
1650030847,"ФБСП ПАО ""КАМАЗ""",КАМАЗ,,,
7721565507,"АО ""СОВКОМ""",СовкоКап01,,,
1215217767,"ООО ""СП12""",ВИС,,,
9718179953,"ООО ""НОВЫЕ НОВЫЕ МЕДИА""",НовТех1Р4,,,
6321274526,"ООО ""РЕСТОР""",реСтор1Р3,,,
7714482955,"ООО ""ФСК АКТИВЫ""",FSKAktv1P1,,,
3652904371,"ООО ""ЭКОНИВА""",ЭкоНив1Р01,,,
7838365595,"АО ГК ""АЗОТ""",ГКАзот1Р02,,,
7736328675,"АО ""МЕДСКАН""",Медскан1Р1,,,
7729523682,"ООО ""ГЕЛЬТЕК-МЕДИКА""",ГТЕК,,,
7708332581,"АО ""РЖД-ИП""",РЖД,,,
7727525853,"АО ""РЕ-ФИНАНС""",ЕврХол3P04,,,
7704810149,"ООО ""А101""",А101,,,
7726588547,"ООО ""ГАЗПРОМ КАПИТАЛ""",ГазпромКP6,,,
7803053813,"РОО ""ПБО""",sВЭБ2P-33,,,
9718077239,"ПАО ""ГРУППА ПОЗИТИВ""",iПозитивР3,,,
6234074915,РЯЗАНСКАЯ ГОРОДСКАЯ ОРГАНИЗАЦИЯ ОБЩЕРОССИЙСКОГО ПРОФСОЮЗА ОБРАЗОВАНИЯ,Томскобл25,,,
7810245481,"ООО ""СЭТЛ ГРУПП""",СэтлГрБ2P3,,,
6234008310,"ООО ""ОБЛАСТНАЯ НАЛОГОВАЯ КОНСУЛЬТАЦИЯ""",Ульоб34008,,,
7802131219,"ООО ""ИНТЕРЛИЗИНГ""",ИнтЛиз1Р11,,,
7803053813,"РОО ""ПБО""",ТелХолБ2-9,,,
7705634425,"ПАО ""НОВАБЕВ ГРУПП""",НоваБевБП5,,,
7727547261,"ПАО ""СИБУР ХОЛДИНГ""",СибурХ1Р07,,,
6658536909,"ООО ""ВСЕМ ООО ООО""",О'КЕЙ,,,
3900019850,"МКПАО ""ЯНДЕКС""",ЯНДЕКС1Р2,,,
4205119220,"АО ХК ""НОВОТРАНС""",Новотр,,,
7810962785,"АО ""СЕЛЕКТЕЛ""",iСелктл1Р6,,,
9705101614,"ПАО ""ЛК ""ЕВРОПЛАН""",Европлн1Р9,,,
7736581195,"ООО ""ИЦ ФОСАГРО""",ФосАгро2П6,,,
6234024255,"ООО ""РЯЗАНЬАГРОДОРСТРОЙ""",Новосиб,,,
6150003450,"ПАО ""МАГНИТ""",Магнит4P08,,,
7007011533,"ООО ""МОБИЛЬНЫЕ ТЕЛЕСИСТЕМЫ""",МТС,,,
3334015322,"ООО ""ЧАРОДЕЙКА""",Башкорт25,,,
7816430057,"ПАО ""ИНАРКТИКА""",Инаркт2Р4,,,
2526007482,"АО ""СК РУСГИДРО""",РусГид2Р08,,,
7840017651,"ТОП ПАО ""РОСТЕЛЕКОМ"" ""С-З""",РостелP25R,,,
5018105941,"НП ""ПСБ""",ПСБ,,,
7715630469,"ООО ""ИКС 5 ФИНАНС""",ИКС5Ф3P11,,,
4205241205,"АО ""АВТОДОР""",Автодр5Р16,,,
